lat,long,id_garagem,nome_empresa,tipo,ativa
-23.0131936255887,-43.5409925320535,1,EXPRESSO RECREIO TRANSPORTE DE PASSAGEIROS LTDA,G1,1
-23.0136256022588,-43.540200574825,1,EXPRESSO RECREIO TRANSPORTE DE PASSAGEIROS LTDA,G1,1
-23.0137327591467,-43.5400085854008,1,EXPRESSO RECREIO TRANSPORTE DE PASSAGEIROS LTDA,G1,1
-23.0139470732691,-43.5396246059315,1,EXPRESSO RECREIO TRANSPORTE DE PASSAGEIROS LTDA,G1,1
-23.0134079395955,-43.5394471271446,1,EXPRESSO RECREIO TRANSPORTE DE PASSAGEIROS LTDA,G1,1
-23.0134079395955,-43.5394471271446,1,EXPRESSO RECREIO TRANSPORTE DE PASSAGEIROS LTDA,G1,1
-23.0133242231866,-43.5397518548731,1,EXPRESSO RECREIO TRANSPORTE DE PASSAGEIROS LTDA,G1,1
-23.0131768823069,-43.540106812447,1,EXPRESSO RECREIO TRANSPORTE DE PASSAGEIROS LTDA,G1,1
-23.0127449056368,-43.5407631490931,1,EXPRESSO RECREIO TRANSPORTE DE PASSAGEIROS LTDA,G1,1
-23.0125607295371,-43.5409556968336,1,EXPRESSO RECREIO TRANSPORTE DE PASSAGEIROS LTDA,G1,1
-23.012376553437502,-43.5411482445742,1,EXPRESSO RECREIO TRANSPORTE DE PASSAGEIROS LTDA,G1,1
-23.0123363695612,-43.5413659072374,1,EXPRESSO RECREIO TRANSPORTE DE PASSAGEIROS LTDA,G1,1
-23.0123603856982,-43.5414421937905,1,EXPRESSO RECREIO TRANSPORTE DE PASSAGEIROS LTDA,G1,1
-23.0123932967192,-43.5415467346807,1,EXPRESSO RECREIO TRANSPORTE DE PASSAGEIROS LTDA,G1,1
-23.0123932967192,-43.5415467346807,1,EXPRESSO RECREIO TRANSPORTE DE PASSAGEIROS LTDA,G1,1
-23.0127616489186,-43.5417844892821,1,EXPRESSO RECREIO TRANSPORTE DE PASSAGEIROS LTDA,G1,1
-23.0127616489186,-43.5417844892821,1,EXPRESSO RECREIO TRANSPORTE DE PASSAGEIROS LTDA,G1,1
-23.0131936255887,-43.5409925320535,1,EXPRESSO RECREIO TRANSPORTE DE PASSAGEIROS LTDA,G1,1
-22.9611900161491,-43.3951830902896,2,Auto Viação Tijuca,NA,1
-22.9607570300504,-43.3952486079229,2,Auto Viação Tijuca,NA,1
-22.960366772843,-43.3952030304389,2,Auto Viação Tijuca,NA,1
-22.9600448818617,-43.3950577522084,2,Auto Viação Tijuca,NA,1
-22.9591903040353,-43.394237357495,2,Auto Viação Tijuca,NA,1
-22.9586647386721,-43.3951446342874,2,Auto Viação Tijuca,NA,1
-22.9588698373504,-43.3955676503115,2,Auto Viação Tijuca,NA,1
-22.9590877546962,-43.395909481442,2,Auto Viação Tijuca,NA,1
-22.9592802582337,-43.3963992248668,2,Auto Viação Tijuca,NA,1
-22.9596285184949,-43.3965465657466,2,Auto Viação Tijuca,NA,1
-22.9602982497663,-43.3968211555679,2,Auto Viação Tijuca,NA,1
-22.9609144025361,-43.3970488642002,2,Auto Viação Tijuca,NA,1
-22.9609144025361,-43.3970488642002,2,Auto Viação Tijuca,NA,1
-22.9615238579932,-43.3970488642002,2,Auto Viação Tijuca,NA,1
-22.9615238579932,-43.3970488642002,2,Auto Viação Tijuca,NA,1
-22.9615104633677,-43.3968211555679,2,Auto Viação Tijuca,NA,1
-22.9611900161491,-43.3951830902896,2,Auto Viação Tijuca,NA,1
-22.9504485,-43.3486456,3,Transportes Futuro Ltda.,G1,1
-22.9510056,-43.348937,3,Transportes Futuro Ltda.,G1,1
-22.9514053,-43.3492475,3,Transportes Futuro Ltda.,G1,1
-22.9516328,-43.3494819,3,Transportes Futuro Ltda.,G1,1
-22.9518778,-43.3501978,3,Transportes Futuro Ltda.,G1,1
-22.9519533981236,-43.3505025408316,3,Transportes Futuro Ltda.,G1,1
-22.9521409228796,-43.3508708930309,3,Transportes Futuro Ltda.,G1,1
-22.9521409228796,-43.3508708930309,3,Transportes Futuro Ltda.,G1,1
-22.9524757885153,-43.3510316285361,3,Transportes Futuro Ltda.,G1,1
-22.9528307460892,-43.3512057586667,3,Transportes Futuro Ltda.,G1,1
-22.9531857036631,-43.3513129156701,3,Transportes Futuro Ltda.,G1,1
-22.9531857036631,-43.3513129156701,3,Transportes Futuro Ltda.,G1,1
-22.9535272666116,-43.3509780500344,3,Transportes Futuro Ltda.,G1,1
-22.9536712588349,-43.3507235521512,3,Transportes Futuro Ltda.,G1,1
-22.9538577383986,-43.3504502139667,3,Transportes Futuro Ltda.,G1,1
-22.953919695291,-43.3503092086254,3,Transportes Futuro Ltda.,G1,1
-22.9539676149226,-43.3501710238522,3,Transportes Futuro Ltda.,G1,1
-22.9539676149226,-43.3501710238522,3,Transportes Futuro Ltda.,G1,1
-22.9537129860821,-43.3497440855624,3,Transportes Futuro Ltda.,G1,1
-22.9535522268257,-43.3492708965663,3,Transportes Futuro Ltda.,G1,1
-22.9534011746184,-43.3491095218819,3,Transportes Futuro Ltda.,G1,1
-22.953072952025,-43.3482999061516,3,Transportes Futuro Ltda.,G1,1
-22.9528322554566,-43.348097502219,3,Transportes Futuro Ltda.,G1,1
-22.9525993725492,-43.3479249364897,3,Transportes Futuro Ltda.,G1,1
-22.9521934480817,-43.3477198378114,3,Transportes Futuro Ltda.,G1,1
-22.9516658433963,-43.3475751179671,3,Transportes Futuro Ltda.,G1,1
-22.9516658433963,-43.3475751179671,3,Transportes Futuro Ltda.,G1,1
-22.9511354393784,-43.3476281583689,3,Transportes Futuro Ltda.,G1,1
-22.950797306817,-43.3476745687205,3,Transportes Futuro Ltda.,G1,1
-22.950618295461,-43.3476480485196,3,Transportes Futuro Ltda.,G1,1
-22.9500215909409,-43.3474159967617,3,Transportes Futuro Ltda.,G1,1
-22.9500215909409,-43.3474159967617,3,Transportes Futuro Ltda.,G1,1
-22.949967027268,-43.3474703645337,3,Transportes Futuro Ltda.,G1,1
-22.9498579,-43.3475791,3,Transportes Futuro Ltda.,G1,1
-22.9497071666667,-43.3481190333333,3,Transportes Futuro Ltda.,G1,1
-22.9496318,-43.348389,3,Transportes Futuro Ltda.,G1,1
-22.9504485,-43.3486456,3,Transportes Futuro Ltda.,G1,1
-22.920024146744,-43.2558916848996,4,Transportes Vila Isabel S/A,NA,1
-22.9199908498029,-43.255899775745,4,Transportes Vila Isabel S/A,NA,1
-22.9200318776271,-43.2562936428571,4,Transportes Vila Isabel S/A,NA,1
-22.9196843,-43.2564024,4,Transportes Vila Isabel S/A,NA,1
-22.91978,-43.2568845,4,Transportes Vila Isabel S/A,NA,1
-22.9205941,-43.2565803,4,Transportes Vila Isabel S/A,NA,1
-22.9207013,-43.2569887,4,Transportes Vila Isabel S/A,NA,1
-22.9207013,-43.2569887,4,Transportes Vila Isabel S/A,NA,1
-22.9208723,-43.2569531,4,Transportes Vila Isabel S/A,NA,1
-22.9208442,-43.2567544,4,Transportes Vila Isabel S/A,NA,1
-22.9213914,-43.2566071,4,Transportes Vila Isabel S/A,NA,1
-22.9211982958881,-43.2557002778004,4,Transportes Vila Isabel S/A,NA,1
-22.920024146744,-43.2558916848996,4,Transportes Vila Isabel S/A,NA,1
-22.9208645325726,-43.6447876316777,5,NA,NA,0
-22.9205564,-43.644117,5,NA,NA,0
-22.92052665,-43.6441124,5,NA,NA,0
-22.9204969,-43.6441078,5,NA,NA,0
-22.9204969,-43.6441078,5,NA,NA,0
-22.920490250003,-43.6441091461942,5,NA,NA,0
-22.9204312,-43.6441211,5,NA,NA,0
-22.9203954,-43.6439414,5,NA,NA,0
-22.9203337,-43.6436316,5,NA,NA,0
-22.9201010335281,-43.6431371337473,5,NA,NA,0
-22.9199847,-43.6428899,5,NA,NA,0
-22.9199847,-43.6428899,5,NA,NA,0
-22.9193098,-43.6430449,5,NA,NA,0
-22.9186349,-43.6431999,5,NA,NA,0
-22.9193236,-43.6465597,5,NA,NA,0
-22.9214808,-43.6461289,5,NA,NA,0
-22.9208645325726,-43.6447876316777,5,NA,NA,0
-22.9160990837209,-43.6088655701003,6,Expresso Pegaso Ltda.,G1,1
-22.9184534399236,-43.6088379841837,6,Expresso Pegaso Ltda.,G1,1
-22.919712534714,-43.6088848653727,6,Expresso Pegaso Ltda.,G1,1
-22.919712534714,-43.6088848653727,6,Expresso Pegaso Ltda.,G1,1
-22.919928051725,-43.608940041771604,6,Expresso Pegaso Ltda.,G1,1
-22.9201388206059,-43.6089189648835,6,Expresso Pegaso Ltda.,G1,1
-22.9215074132062,-43.6089077238765,6,Expresso Pegaso Ltda.,G1,1
-22.921355659612,-43.6065808354307,6,Expresso Pegaso Ltda.,G1,1
-22.9154906642179,-43.6066286097104,6,Expresso Pegaso Ltda.,G1,1
-22.915843350812,-43.6075110287587,6,Expresso Pegaso Ltda.,G1,1
-22.9159951044063,-43.6079662895416,6,Expresso Pegaso Ltda.,G1,1
-22.9161032990985,-43.6084356015832,6,Expresso Pegaso Ltda.,G1,1
-22.9160990837209,-43.6088655701003,6,Expresso Pegaso Ltda.,G1,1
-22.9297912358191,-43.253499470648,7,Auto Viacao Tijuca S/A,G1,1
-22.9297040148657,-43.2534329251387,7,Auto Viacao Tijuca S/A,G1,1
-22.9297565428854,-43.2533456299563,7,Auto Viacao Tijuca S/A,G1,1
-22.9298398211735,-43.2534042393455,7,Auto Viacao Tijuca S/A,G1,1
-22.9303832119131,-43.2527222657326,7,Auto Viacao Tijuca S/A,G1,1
-22.9300914584958,-43.2525034506697,7,Auto Viacao Tijuca S/A,G1,1
-22.9296465345345,-43.2532705190292,7,Auto Viacao Tijuca S/A,G1,1
-22.9297542824325,-43.2533444457648,7,Auto Viacao Tijuca S/A,G1,1
-22.9297001680923,-43.2534305481072,7,Auto Viacao Tijuca S/A,G1,1
-22.9293236,-43.2531434,7,Auto Viacao Tijuca S/A,G1,1
-22.9293236,-43.2531434,7,Auto Viacao Tijuca S/A,G1,1
-22.9290350679975,-43.2529593153842,7,Auto Viacao Tijuca S/A,G1,1
-22.928767627365,-43.2534309834087,7,Auto Viacao Tijuca S/A,G1,1
-22.928935,-43.2535183,7,Auto Viacao Tijuca S/A,G1,1
-22.9288104,-43.2537834,7,Auto Viacao Tijuca S/A,G1,1
-22.928774100021,-43.2537582500146,7,Auto Viacao Tijuca S/A,G1,1
-22.9287378,-43.2537331,7,Auto Viacao Tijuca S/A,G1,1
-22.9287378,-43.2537331,7,Auto Viacao Tijuca S/A,G1,1
-22.9285121,-43.254201,7,Auto Viacao Tijuca S/A,G1,1
-22.9287044,-43.254324,7,Auto Viacao Tijuca S/A,G1,1
-22.9286667,-43.254429,7,Auto Viacao Tijuca S/A,G1,1
-22.9287819,-43.2544898,7,Auto Viacao Tijuca S/A,G1,1
-22.9286801,-43.2546868,7,Auto Viacao Tijuca S/A,G1,1
-22.928668299999998,-43.2547097,7,Auto Viacao Tijuca S/A,G1,1
-22.9290132,-43.2549243,7,Auto Viacao Tijuca S/A,G1,1
-22.9290132,-43.2549243,7,Auto Viacao Tijuca S/A,G1,1
-22.9292191,-43.2550696,7,Auto Viacao Tijuca S/A,G1,1
-22.9295537971455,-43.2552690724903,7,Auto Viacao Tijuca S/A,G1,1
-22.9295537971455,-43.2552690724903,7,Auto Viacao Tijuca S/A,G1,1
-22.9297278359639,-43.2549259673913,7,Auto Viacao Tijuca S/A,G1,1
-22.9298223141795,-43.2549508300796,7,Auto Viacao Tijuca S/A,G1,1
-22.9300460783746,-43.2546624228949,7,Auto Viacao Tijuca S/A,G1,1
-22.9301223239521,-43.2547519285729,7,Auto Viacao Tijuca S/A,G1,1
-22.9301604467409,-43.2547966814119,7,Auto Viacao Tijuca S/A,G1,1
-22.9303145954086,-43.2548464067886,7,Auto Viacao Tijuca S/A,G1,1
-22.9305681948296,-43.2549060772406,7,Auto Viacao Tijuca S/A,G1,1
-22.9305681948297,-43.2549060772406,7,Auto Viacao Tijuca S/A,G1,1
-22.9307372611103,-43.2547121482716,7,Auto Viacao Tijuca S/A,G1,1
-22.930906327391,-43.2544137960115,7,Auto Viacao Tijuca S/A,G1,1
-22.9298750747114,-43.2535513316934,7,Auto Viacao Tijuca S/A,G1,1
-22.9297912358191,-43.253499470648,7,Auto Viacao Tijuca S/A,G1,1
-22.9101410198041,-43.2709075286381,8,Auto Viacao Alpha S/A,NA,1
-22.9105752621951,-43.2708855018501,8,Auto Viacao Alpha S/A,NA,1
-22.9107074229228,-43.2708760617981,8,Auto Viacao Alpha S/A,NA,1
-22.9108269969145,-43.2708729151141,8,Auto Viacao Alpha S/A,NA,1
-22.9110032112181,-43.2708666217462,8,Auto Viacao Alpha S/A,NA,1
-22.9110346780813,-43.2708272881671,8,Auto Viacao Alpha S/A,NA,1
-22.9110661448979,-43.2707879546463,8,Auto Viacao Alpha S/A,NA,1
-22.910739626788,-43.269129813264,8,Auto Viacao Alpha S/A,NA,1
-22.9106886,-43.2691191,8,Auto Viacao Alpha S/A,NA,1
-22.91024,-43.2695147,8,Auto Viacao Alpha S/A,NA,1
-22.910319,-43.2700794,8,Auto Viacao Alpha S/A,NA,1
-22.9103662,-43.2705629,8,Auto Viacao Alpha S/A,NA,1
-22.9101676665857,-43.2705708333366,8,Auto Viacao Alpha S/A,NA,1
-22.9100684,-43.2705748,8,Auto Viacao Alpha S/A,NA,1
-22.9101410198041,-43.2709075286381,8,Auto Viacao Alpha S/A,NA,1
-22.9101410198041,-43.2709075286381,8,Auto Viacao Alpha S/A,NA,1
-22.905703,-43.2612069,9,Transporte Estrela Azul S/A,G2,1
-22.9057009,-43.261089,9,Transporte Estrela Azul S/A,G2,1
-22.9057639,-43.2610984,9,Transporte Estrela Azul S/A,G2,1
-22.9058603,-43.2610475,9,Transporte Estrela Azul S/A,G2,1
-22.905922,-43.2610703,9,Transporte Estrela Azul S/A,G2,1
-22.9059517,-43.261144,9,Transporte Estrela Azul S/A,G2,1
-22.9059576399999,-43.2612011199994,9,Transporte Estrela Azul S/A,G2,1
-22.9059616,-43.2612392,9,Transporte Estrela Azul S/A,G2,1
-22.905948,-43.2614243,9,Transporte Estrela Azul S/A,G2,1
-22.9058899,-43.2617086,9,Transporte Estrela Azul S/A,G2,1
-22.9060283,-43.2618065,9,Transporte Estrela Azul S/A,G2,1
-22.9062988,-43.2617797,9,Transporte Estrela Azul S/A,G2,1
-22.9065434,-43.261655,9,Transporte Estrela Azul S/A,G2,1
-22.9065953,-43.2611427,9,Transporte Estrela Azul S/A,G2,1
-22.9066553017641,-43.2610803036387,9,Transporte Estrela Azul S/A,G2,1
-22.9067707,-43.2609603,9,Transporte Estrela Azul S/A,G2,1
-22.9067818,-43.2606089,9,Transporte Estrela Azul S/A,G2,1
-22.9067262,-43.2603501,9,Transporte Estrela Azul S/A,G2,1
-22.9065945,-43.2601888,9,Transporte Estrela Azul S/A,G2,1
-22.90656155,-43.26016215,9,Transporte Estrela Azul S/A,G2,1
-22.9065286,-43.2601355,9,Transporte Estrela Azul S/A,G2,1
-22.9064433,-43.2601221,9,Transporte Estrela Azul S/A,G2,1
-22.9064433,-43.2601221,9,Transporte Estrela Azul S/A,G2,1
-22.9063667,-43.2601663,9,Transporte Estrela Azul S/A,G2,1
-22.9062747002514,-43.2602514997672,9,Transporte Estrela Azul S/A,G2,1
-22.9061827,-43.2603367,9,Transporte Estrela Azul S/A,G2,1
-22.906114,-43.26037515,9,Transporte Estrela Azul S/A,G2,1
-22.9060453,-43.2604136,9,Transporte Estrela Azul S/A,G2,1
-22.9060022,-43.2604053,9,Transporte Estrela Azul S/A,G2,1
-22.9059591,-43.260397,9,Transporte Estrela Azul S/A,G2,1
-22.9058677,-43.2603313,9,Transporte Estrela Azul S/A,G2,1
-22.905801,-43.2602535,9,Transporte Estrela Azul S/A,G2,1
-22.9057491,-43.2602535,9,Transporte Estrela Azul S/A,G2,1
-22.9057491,-43.2602535,9,Transporte Estrela Azul S/A,G2,1
-22.9056799000758,-43.260283033301,9,Transporte Estrela Azul S/A,G2,1
-22.9056453,-43.2602978,9,Transporte Estrela Azul S/A,G2,1
-22.9054543,-43.2602784,9,Transporte Estrela Azul S/A,G2,1
-22.9054543,-43.2602784,9,Transporte Estrela Azul S/A,G2,1
-22.9054543,-43.2602784,9,Transporte Estrela Azul S/A,G2,1
-22.9054106,-43.2602803,9,Transporte Estrela Azul S/A,G2,1
-22.9053982,-43.26033,9,Transporte Estrela Azul S/A,G2,1
-22.9053822,-43.2603702,9,Transporte Estrela Azul S/A,G2,1
-22.9053562,-43.2603635,9,Transporte Estrela Azul S/A,G2,1
-22.9053006,-43.2603702,9,Transporte Estrela Azul S/A,G2,1
-22.9052537,-43.2604024,9,Transporte Estrela Azul S/A,G2,1
-22.9052315,-43.2604721,9,Transporte Estrela Azul S/A,G2,1
-22.9052623,-43.2608342,9,Transporte Estrela Azul S/A,G2,1
-22.90527315,-43.260841,9,Transporte Estrela Azul S/A,G2,1
-22.905284,-43.2608478,9,Transporte Estrela Azul S/A,G2,1
-22.905465,-43.2608552,9,Transporte Estrela Azul S/A,G2,1
-22.9055231,-43.2608855,9,Transporte Estrela Azul S/A,G2,1
-22.9055141,-43.2609361,9,Transporte Estrela Azul S/A,G2,1
-22.9054685,-43.2611941,9,Transporte Estrela Azul S/A,G2,1
-22.905703,-43.2612069,9,Transporte Estrela Azul S/A,G2,1
-22.9016456,-43.1945506,10,NA,NA,NA
-22.9017076,-43.1944449,10,NA,NA,NA
-22.9019287,-43.1946125,10,NA,NA,NA
-22.9020016,-43.1945394,10,NA,NA,NA
-22.9021260999226,-43.1945768399767,10,NA,NA,NA
-22.9022091,-43.1946018,10,NA,NA,NA
-22.9022091,-43.1946018,10,NA,NA,NA
-22.9023086,-43.1944636,10,NA,NA,NA
-22.9021364,-43.1943343,10,NA,NA,NA
-22.9021036,-43.1944117,10,NA,NA,NA
-22.9020401215287,-43.1943767313868,10,NA,NA,NA
-22.9020063,-43.1943581,10,NA,NA,NA
-22.9020008,-43.1943357,10,NA,NA,NA
-22.901923,-43.1942054,10,NA,NA,NA
-22.901923,-43.1942054,10,NA,NA,NA
-22.901923,-43.1942054,10,NA,NA,NA
-22.9018453,-43.1942397,10,NA,NA,NA
-22.9017687,-43.1941646,10,NA,NA,NA
-22.9016286999617,-43.1939754666149,10,NA,NA,NA
-22.9015587,-43.1938809,10,NA,NA,NA
-22.9015789250164,-43.1938629749854,10,NA,NA,NA
-22.9016396,-43.1938092,10,NA,NA,NA
-22.9014648,-43.193602,10,NA,NA,NA
-22.9014962999955,-43.1935763500036,10,NA,NA,NA
-22.9015068,-43.1935678,10,NA,NA,NA
-22.9014800333012,-43.1935246666149,10,NA,NA,NA
-22.9014265,-43.1934384,10,NA,NA,NA
-22.9013614,-43.1933189,10,NA,NA,NA
-22.9013614,-43.1933189,10,NA,NA,NA
-22.901282900000002,-43.1933728,10,NA,NA,NA
-22.9012647,-43.1933834,10,NA,NA,NA
-22.9012465666674,-43.193426266665,10,NA,NA,NA
-22.9012375,-43.1934477,10,NA,NA,NA
-22.90125725,-43.19345175,10,NA,NA,NA
-22.901277,-43.1934558,10,NA,NA,NA
-22.9012968,-43.1935148,10,NA,NA,NA
-22.901285,-43.1936295,10,NA,NA,NA
-22.9012461,-43.193661,10,NA,NA,NA
-22.9011967,-43.193669,10,NA,NA,NA
-22.901164,-43.1936342,10,NA,NA,NA
-22.901139,-43.1936873,10,NA,NA,NA
-22.90112875,-43.19370895,10,NA,NA,NA
-22.9011185,-43.1937306,10,NA,NA,NA
-22.9010937,-43.193802,10,NA,NA,NA
-22.901089,-43.1937996,10,NA,NA,NA
-22.901089,-43.1937996,10,NA,NA,NA
-22.9010779,-43.1938304,10,NA,NA,NA
-22.9010733333335,-43.1938409666663,10,NA,NA,NA
-22.9010642,-43.1938621,10,NA,NA,NA
-22.9010335,-43.1939939,10,NA,NA,NA
-22.9010335,-43.1941977,10,NA,NA,NA
-22.9009994,-43.1942578,10,NA,NA,NA
-22.9009146,-43.1943181,10,NA,NA,NA
-22.9008805,-43.1943281,10,NA,NA,NA
-22.9007908,-43.1943074,10,NA,NA,NA
-22.9007394344854,-43.1943189310339,10,NA,NA,NA
-22.900732,-43.1943206,10,NA,NA,NA
-22.9007143499934,-43.1943401500073,10,NA,NA,NA
-22.9006967,-43.1943597,10,NA,NA,NA
-22.9006678,-43.1944123,10,NA,NA,NA
-22.9005986,-43.1946376,10,NA,NA,NA
-22.9005393,-43.1948736,10,NA,NA,NA
-22.9005289,-43.1949466,10,NA,NA,NA
-22.9005591,-43.1950775,10,NA,NA,NA
-22.9006233,-43.1951907,10,NA,NA,NA
-22.9006873,-43.1952735,10,NA,NA,NA
-22.90072122,-43.19530538,10,NA,NA,NA
-22.9007721,-43.1953532,10,NA,NA,NA
-22.9008259,-43.1953886,10,NA,NA,NA
-22.9009149,-43.1954208,10,NA,NA,NA
-22.9010335,-43.1954422,10,NA,NA,NA
-22.9010335,-43.1954422,10,NA,NA,NA
-22.9010777000501,-43.1954293499854,10,NA,NA,NA
-22.9011219,-43.1954165,10,NA,NA,NA
-22.9011869,-43.1953849,10,NA,NA,NA
-22.9012563,-43.1953307,10,NA,NA,NA
-22.9013453,-43.1952234,10,NA,NA,NA
-22.90136505,-43.1951751,10,NA,NA,NA
-22.9013848,-43.1951268,10,NA,NA,NA
-22.9013992,-43.194938,10,NA,NA,NA
-22.9014174,-43.1948699,10,NA,NA,NA
-22.9014533,-43.1948173,10,NA,NA,NA
-22.901498,-43.1947878,10,NA,NA,NA
-22.9016166,-43.1947449,10,NA,NA,NA
-22.9016137,-43.194605,10,NA,NA,NA
-22.9016456,-43.1945506,10,NA,NA,NA
-22.9027649848889,-43.5559158191105,11,Auto Viacao Jabour Ltda.,G2,1
-22.9031433830573,-43.5559560029868,11,Auto Viacao Jabour Ltda.,G2,1
-22.9031433830573,-43.5559560029868,11,Auto Viacao Jabour Ltda.,G2,1
-22.9031336360089,-43.5558055581641,11,Auto Viacao Jabour Ltda.,G2,1
-22.9031399590753,-43.5556759353023,11,Auto Viacao Jabour Ltda.,G2,1
-22.9031367975421,-43.5555305047745,11,Auto Viacao Jabour Ltda.,G2,1
-22.9031178283428,-43.5554135280455,11,Auto Viacao Jabour Ltda.,G2,1
-22.9030530169119,-43.5552744205841,11,Auto Viacao Jabour Ltda.,G2,1
-22.9022784412744,-43.5550752439916,11,Auto Viacao Jabour Ltda.,G2,1
-22.9022760810607,-43.5551020956156,11,Auto Viacao Jabour Ltda.,G2,1
-22.9023116373732,-43.5551748322878,11,Auto Viacao Jabour Ltda.,G2,1
-22.9027921904218,-43.5554008819127,11,Auto Viacao Jabour Ltda.,G2,1
-22.9027649848889,-43.5559158191105,11,Auto Viacao Jabour Ltda.,G2,1
-22.8994841728352,-43.5532647393042,12,Expresso Pegaso Ltda.,G2,1
-22.8991680195137,-43.5532478777937,12,Expresso Pegaso Ltda.,G2,1
-22.8989530352552,-43.5548286444009,12,Expresso Pegaso Ltda.,G2,1
-22.9002429408066,-43.554849721289,12,Expresso Pegaso Ltda.,G2,1
-22.9003146022261,-43.5533743391223,12,Expresso Pegaso Ltda.,G2,1
-22.8994841728352,-43.5532647393042,12,Expresso Pegaso Ltda.,G2,1
-22.8945732908415,-43.4744268534454,13,Viacao Andorinha Ltda.,NA,0
-22.8948827259049,-43.4752769106885,13,Viacao Andorinha Ltda.,NA,0
-22.8961667035815,-43.4749283516516,13,Viacao Andorinha Ltda.,NA,0
-22.8963694368989,-43.4747007212601,13,Viacao Andorinha Ltda.,NA,0
-22.8964832520946,-43.4745086581174,13,Viacao Andorinha Ltda.,NA,0
-22.8963094,-43.474389,13,Viacao Andorinha Ltda.,NA,0
-22.8961463,-43.4742495,13,Viacao Andorinha Ltda.,NA,0
-22.8961463,-43.4742495,13,Viacao Andorinha Ltda.,NA,0
-22.8961463,-43.4742495,13,Viacao Andorinha Ltda.,NA,0
-22.8952410659351,-43.4735722020995,13,Viacao Andorinha Ltda.,NA,0
-22.8951675602879,-43.4735295214011,13,Viacao Andorinha Ltda.,NA,0
-22.894924517422,-43.4735123305642,13,Viacao Andorinha Ltda.,NA,0
-22.8947775061276,-43.4735176656515,13,Viacao Andorinha Ltda.,NA,0
-22.8944025680479,-43.4735056617051,13,Viacao Andorinha Ltda.,NA,0
-22.8944167949474,-43.4737795295198,13,Viacao Andorinha Ltda.,NA,0
-22.8944256867596,-43.4738915663531,13,Viacao Andorinha Ltda.,NA,0
-22.8945732908415,-43.4744268534454,13,Viacao Andorinha Ltda.,NA,0
-22.8976851287057,-43.5327919675137,14,Auto Viacao Jabour Ltda.,G1,1
-22.8941206,-43.5306545,14,Auto Viacao Jabour Ltda.,G1,1
-22.8941206,-43.5306545,14,Auto Viacao Jabour Ltda.,G1,1
-22.8936474555993,-43.5307598920402,14,Auto Viacao Jabour Ltda.,G1,1
-22.8927306109672,-43.5309958214563,14,Auto Viacao Jabour Ltda.,G1,1
-22.8927068994681,-43.5312993286449,14,Auto Viacao Jabour Ltda.,G1,1
-22.8927306109672,-43.531588608934,14,Auto Viacao Jabour Ltda.,G1,1
-22.8927981887396,-43.5319241266464,14,Auto Viacao Jabour Ltda.,G1,1
-22.8928752511117,-43.5321671695122,14,Auto Viacao Jabour Ltda.,G1,1
-22.8929238596849,-43.5323177375315,14,Auto Viacao Jabour Ltda.,G1,1
-22.8931630863214,-43.5327863705758,14,Auto Viacao Jabour Ltda.,G1,1
-22.8936423181079,-43.5332827955452,14,Auto Viacao Jabour Ltda.,G1,1
-22.8940027328943,-43.533633725732,14,Auto Viacao Jabour Ltda.,G1,1
-22.8941035067655,-43.533740427478,14,Auto Viacao Jabour Ltda.,G1,1
-22.8942078373616,-43.5338163042751,14,Auto Viacao Jabour Ltda.,G1,1
-22.8943453640564,-43.5339230060211,14,Auto Viacao Jabour Ltda.,G1,1
-22.8944994888006,-43.5340510481163,14,Auto Viacao Jabour Ltda.,G1,1
-22.8976851287057,-43.5327919675137,14,Auto Viacao Jabour Ltda.,G1,1
-22.8876114777073,-43.2926452934515,15,Transurb S/A,NA,1
-22.8876014317382,-43.2926955232968,15,Transurb S/A,NA,1
-22.8876047803946,-43.2927424044858,15,Transurb S/A,NA,1
-22.8876449642709,-43.292809377613,15,Transurb S/A,NA,1
-22.8876751022031,-43.2928445385338,15,Transurb S/A,NA,1
-22.8877052400853,-43.2928796993965,15,Transurb S/A,NA,1
-22.8877722132125,-43.2929332778982,15,Transurb S/A,NA,1
-22.8889308483122,-43.2937101661731,15,Transurb S/A,NA,1
-22.8889308483122,-43.2937101661731,15,Transurb S/A,NA,1
-22.8893862655768,-43.2925950636061,15,Transurb S/A,NA,1
-22.8895315034393,-43.2926919346183,15,Transurb S/A,NA,1
-22.8901124571237,-43.2930794201572,15,Transurb S/A,NA,1
-22.8901124571237,-43.2930794201572,15,Transurb S/A,NA,1
-22.8901124571237,-43.2930794201572,15,Transurb S/A,NA,1
-22.8902185378891,-43.2928725626647,15,Transurb S/A,NA,1
-22.8902450581282,-43.2928208481985,15,Transurb S/A,NA,1
-22.8903378788313,-43.2924230451851,15,Transurb S/A,NA,1
-22.8904505896851,-43.2920683374982,15,Transurb S/A,NA,1
-22.8904505896851,-43.2920683374982,15,Transurb S/A,NA,1
-22.8902719851833,-43.2919186350219,15,Transurb S/A,NA,1
-22.8902185379273,-43.2915909738821,15,Transurb S/A,NA,1
-22.8898339950143,-43.2915445635305,15,Transurb S/A,NA,1
-22.8893996602022,-43.2914247082092,15,Transurb S/A,NA,1
-22.8884854770166,-43.2910228694463,15,Transurb S/A,NA,1
-22.8883314388242,-43.2912941106112,15,Transurb S/A,NA,1
-22.8876114777073,-43.2926452934515,15,Transurb S/A,NA,1
-22.8795075684401,-43.3577744207044,16,Transportes Barra Ltda.,G1,1
-22.8793632397405,-43.3582112049268,16,Transportes Barra Ltda.,G1,1
-22.879635815428,-43.3583082588008,16,Transportes Barra Ltda.,G1,1
-22.8811661513833,-43.358900970976,16,Transportes Barra Ltda.,G1,1
-22.8811661513833,-43.358900970976,16,Transportes Barra Ltda.,G1,1
-22.8814243816866,-43.358045501764,16,Transportes Barra Ltda.,G1,1
-22.880867296715,-43.3578199981885,16,Transportes Barra Ltda.,G1,1
-22.8807191698917,-43.3577288432203,16,Transportes Barra Ltda.,G1,1
-22.8806939922426,-43.3572575010316,16,Transportes Barra Ltda.,G1,1
-22.8806939908369,-43.3572567807045,16,Transportes Barra Ltda.,G1,1
-22.8806993875399,-43.3571985531196,16,Transportes Barra Ltda.,G1,1
-22.8809166723227,-43.3565742136238,16,Transportes Barra Ltda.,G1,1
-22.8807576153077,-43.3565703061512,16,Transportes Barra Ltda.,G1,1
-22.8806303663661,-43.3565736548076,16,Transportes Barra Ltda.,G1,1
-22.8801749491015,-43.3566004440585,16,Transportes Barra Ltda.,G1,1
-22.8795420530499,-43.356623884653,16,Transportes Barra Ltda.,G1,1
-22.8795353557372,-43.3568683365671,16,Transportes Barra Ltda.,G1,1
-22.8793310876994,-43.3568750338798,16,Transportes Barra Ltda.,G1,1
-22.879066986094,-43.3568780635176,16,Transportes Barra Ltda.,G1,1
-22.8789530423838,-43.3572806646269,16,Transportes Barra Ltda.,G1,1
-22.8795189628111,-43.3575731201497,16,Transportes Barra Ltda.,G1,1
-22.8795075684401,-43.3577744207044,16,Transportes Barra Ltda.,G1,1
-22.8830699534434,-43.4971156459568,17,Transportes Campo Grande Ltda.,NA,1
-22.8833331510835,-43.4978412178295,17,Transportes Campo Grande Ltda.,NA,1
-22.8839449988941,-43.497745473399704,17,Transportes Campo Grande Ltda.,NA,1
-22.8854085000428,-43.4974117433019,17,Transportes Campo Grande Ltda.,NA,1
-22.8849585743472,-43.494356516642,17,Transportes Campo Grande Ltda.,NA,1
-22.8842152188502,-43.4934388816265,17,Transportes Campo Grande Ltda.,NA,1
-22.8836674832209,-43.4934353249016,17,Transportes Campo Grande Ltda.,NA,1
-22.8836692615833,-43.4938905856845,17,Transportes Campo Grande Ltda.,NA,1
-22.8835092089643,-43.4943547382795,17,Transportes Campo Grande Ltda.,NA,1
-22.8834674017205,-43.4945152003172,17,Transportes Campo Grande Ltda.,NA,1
-22.8834717935093,-43.4945150625356,17,Transportes Campo Grande Ltda.,NA,1
-22.8826840487954,-43.4956342700501,17,Transportes Campo Grande Ltda.,NA,1
-22.8828832253879,-43.4962584752641,17,Transportes Campo Grande Ltda.,NA,1
-22.8830699534434,-43.4971156459568,17,Transportes Campo Grande Ltda.,NA,1
-22.8842750903854,-43.5525776327523,18,Transportes Barra Ltda.,G3,1
-22.8842418942867,-43.5522361871651,18,Transportes Barra Ltda.,G3,1
-22.8828049774408,-43.5521824411005,18,Transportes Barra Ltda.,G3,1
-22.8827860082415,-43.5524163945584,18,Transportes Barra Ltda.,G3,1
-22.8828271081733,-43.5527072556141,18,Transportes Barra Ltda.,G3,1
-22.882896661904,-43.5529443706052,18,Transportes Barra Ltda.,G3,1
-22.8829519887352,-43.5532178432282,18,Transportes Barra Ltda.,G3,1
-22.8842134404877,-43.5532953007919,18,Transportes Barra Ltda.,G3,1
-22.8842466365865,-43.5530044397362,18,Transportes Barra Ltda.,G3,1
-22.8846788919023,-43.5529823961414,18,Transportes Barra Ltda.,G3,1
-22.8846876704699,-43.5526013442514,18,Transportes Barra Ltda.,G3,1
-22.8842750903854,-43.5525776327523,18,Transportes Barra Ltda.,G3,1
-22.90295775,-43.19634385,19,Transportes Sao Silvestre S/A,NA,1
-22.9031622,-43.1960012,19,Transportes Sao Silvestre S/A,NA,1
-22.9031586,-43.1959452,19,Transportes Sao Silvestre S/A,NA,1
-22.9031549,-43.195888,19,Transportes Sao Silvestre S/A,NA,1
-22.9024568,-43.195973,19,Transportes Sao Silvestre S/A,NA,1
-22.9016995,-43.1959579,19,Transportes Sao Silvestre S/A,NA,1
-22.9016834666639,-43.1958825999871,19,Transportes Sao Silvestre S/A,NA,1
-22.9016514,-43.195732,19,Transportes Sao Silvestre S/A,NA,1
-22.9016514,-43.195732,19,Transportes Sao Silvestre S/A,NA,1
-22.9016514,-43.195732,19,Transportes Sao Silvestre S/A,NA,1
-22.9015680548328,-43.1958234547095,19,Transportes Sao Silvestre S/A,NA,1
-22.9014921,-43.1959068,19,Transportes Sao Silvestre S/A,NA,1
-22.9014780870816,-43.1959569741323,19,Transportes Sao Silvestre S/A,NA,1
-22.901453,-43.1960468,19,Transportes Sao Silvestre S/A,NA,1
-22.9013932,-43.1961402,19,Transportes Sao Silvestre S/A,NA,1
-22.9013176,-43.1961793,19,Transportes Sao Silvestre S/A,NA,1
-22.9011793,-43.196233,19,Transportes Sao Silvestre S/A,NA,1
-22.9010982,-43.1962871,19,Transportes Sao Silvestre S/A,NA,1
-22.9010541,-43.19635835,19,Transportes Sao Silvestre S/A,NA,1
-22.9010394,-43.1963821,19,Transportes Sao Silvestre S/A,NA,1
-22.9010014,-43.1964867,19,Transportes Sao Silvestre S/A,NA,1
-22.9009816,-43.1966321,19,Transportes Sao Silvestre S/A,NA,1
-22.9009801,-43.1968322,19,Transportes Sao Silvestre S/A,NA,1
-22.9010132,-43.1969529,19,Transportes Sao Silvestre S/A,NA,1
-22.9010809,-43.1970333,19,Transportes Sao Silvestre S/A,NA,1
-22.901162,-43.1971052,19,Transportes Sao Silvestre S/A,NA,1
-22.9012593,-43.1971605,19,Transportes Sao Silvestre S/A,NA,1
-22.9013848,-43.197176,19,Transportes Sao Silvestre S/A,NA,1
-22.9013848,-43.197176,19,Transportes Sao Silvestre S/A,NA,1
-22.9013848,-43.197176,19,Transportes Sao Silvestre S/A,NA,1
-22.9017352,-43.1971374,19,Transportes Sao Silvestre S/A,NA,1
-22.9018296,-43.1972189,19,Transportes Sao Silvestre S/A,NA,1
-22.9025346,-43.1974442,19,Transportes Sao Silvestre S/A,NA,1
-22.9027422,-43.1974979,19,Transportes Sao Silvestre S/A,NA,1
-22.9028583,-43.1968421,19,Transportes Sao Silvestre S/A,NA,1
-22.9027533,-43.1966865,19,Transportes Sao Silvestre S/A,NA,1
-22.90295775,-43.19634385,19,Transportes Sao Silvestre S/A,NA,1
-22.9025519,-43.3145039,20,Viacao Verdun S/A,G1,1
-22.9025594,-43.3145562,20,Viacao Verdun S/A,G1,1
-22.9025828,-43.314575,20,Viacao Verdun S/A,G1,1
-22.902876,-43.3146694,20,Viacao Verdun S/A,G1,1
-22.9030449,-43.3147238,20,Viacao Verdun S/A,G1,1
-22.9030449,-43.3147238,20,Viacao Verdun S/A,G1,1
-22.9031469,-43.3143641,20,Viacao Verdun S/A,G1,1
-22.903223,-43.3141138,20,Viacao Verdun S/A,G1,1
-22.9033752,-43.3136132,20,Viacao Verdun S/A,G1,1
-22.9033174815376,-43.3135925184303,20,Viacao Verdun S/A,G1,1
-22.9031564,-43.3135348,20,Viacao Verdun S/A,G1,1
-22.9032289,-43.3132768,20,Viacao Verdun S/A,G1,1
-22.903274393387,-43.3132515867976,20,Viacao Verdun S/A,G1,1
-22.903287,-43.3132446,20,Viacao Verdun S/A,G1,1
-22.9033784,-43.3128946,20,Viacao Verdun S/A,G1,1
-22.9032591996552,-43.3128543498836,20,Viacao Verdun S/A,G1,1
-22.90314,-43.3128141,20,Viacao Verdun S/A,G1,1
-22.9031190000038,-43.3128096333341,20,Viacao Verdun S/A,G1,1
-22.903077,-43.3128007,20,Viacao Verdun S/A,G1,1
-22.903077,-43.3128007,20,Viacao Verdun S/A,G1,1
-22.9030436,-43.3128248,20,Viacao Verdun S/A,G1,1
-22.9030103,-43.3128624,20,Viacao Verdun S/A,G1,1
-22.9025735,-43.3144268,20,Viacao Verdun S/A,G1,1
-22.9025519,-43.3145039,20,Viacao Verdun S/A,G1,1
-22.9023625003853,-43.2981818001164,21,Rodoviaria A. Matias Ltda.,G2,1
-22.90248,-43.2982173,21,Rodoviaria A. Matias Ltda.,G2,1
-22.9027285,-43.2982924,21,Rodoviaria A. Matias Ltda.,G2,1
-22.9027285,-43.2982924,21,Rodoviaria A. Matias Ltda.,G2,1
-22.9028103501193,-43.2979730495343,21,Rodoviaria A. Matias Ltda.,G2,1
-22.9028922,-43.2976537,21,Rodoviaria A. Matias Ltda.,G2,1
-22.9026505,-43.29758065,21,Rodoviaria A. Matias Ltda.,G2,1
-22.9024088,-43.2975076,21,Rodoviaria A. Matias Ltda.,G2,1
-22.9024088,-43.2975076,21,Rodoviaria A. Matias Ltda.,G2,1
-22.9023268998806,-43.2978269504657,21,Rodoviaria A. Matias Ltda.,G2,1
-22.902245,-43.2981463,21,Rodoviaria A. Matias Ltda.,G2,1
-22.9023625003853,-43.2981818001164,21,Rodoviaria A. Matias Ltda.,G2,1
-22.9025293998332,-43.2990200666149,22,Rodoviaria A. Matias Ltda.,G1,1
-22.9024241,-43.2989874,22,Rodoviaria A. Matias Ltda.,G1,1
-22.9024785333606,-43.2987808665632,22,Rodoviaria A. Matias Ltda.,G1,1
-22.9025874,-43.2983678,22,Rodoviaria A. Matias Ltda.,G1,1
-22.9024459,-43.2983239,22,Rodoviaria A. Matias Ltda.,G1,1
-22.9018055,-43.298125,22,Rodoviaria A. Matias Ltda.,G1,1
-22.901693,-43.2985517,22,Rodoviaria A. Matias Ltda.,G1,1
-22.9019813,-43.2986412,22,Rodoviaria A. Matias Ltda.,G1,1
-22.9019106,-43.2989094,22,Rodoviaria A. Matias Ltda.,G1,1
-22.9019563500467,-43.2989236500146,22,Rodoviaria A. Matias Ltda.,G1,1
-22.9020021,-43.2989379,22,Rodoviaria A. Matias Ltda.,G1,1
-22.9019508,-43.2991326666667,22,Rodoviaria A. Matias Ltda.,G1,1
-22.9018482,-43.2995222,22,Rodoviaria A. Matias Ltda.,G1,1
-22.9023261,-43.2996705,22,Rodoviaria A. Matias Ltda.,G1,1
-22.9026047116415,-43.2995392062877,22,Rodoviaria A. Matias Ltda.,G1,1
-22.9026724,-43.2993419,22,Rodoviaria A. Matias Ltda.,G1,1
-22.90274,-43.2990854,22,Rodoviaria A. Matias Ltda.,G1,1
-22.9025293998332,-43.2990200666149,22,Rodoviaria A. Matias Ltda.,G1,1
-22.8705751,-43.2500477,23,Premium Auto Onibus Ltda,NA,1
-22.8706949,-43.2500279,23,Premium Auto Onibus Ltda,NA,1
-22.8709878,-43.2499794,23,Premium Auto Onibus Ltda,NA,1
-22.8710657,-43.2490768,23,Premium Auto Onibus Ltda,NA,1
-22.87098665,-43.2490664,23,Premium Auto Onibus Ltda,NA,1
-22.8707495,-43.2490352,23,Premium Auto Onibus Ltda,NA,1
-22.8700538,-43.2489413,23,Premium Auto Onibus Ltda,NA,1
-22.869929,-43.2488997,23,Premium Auto Onibus Ltda,NA,1
-22.8698289,-43.2488501,23,Premium Auto Onibus Ltda,NA,1
-22.8697588,-43.2487919,23,Premium Auto Onibus Ltda,NA,1
-22.8697337,-43.2488233,23,Premium Auto Onibus Ltda,NA,1
-22.870106,-43.2496004,23,Premium Auto Onibus Ltda,NA,1
-22.8703306,-43.2500692,23,Premium Auto Onibus Ltda,NA,1
-22.8703306,-43.2500692,23,Premium Auto Onibus Ltda,NA,1
-22.8705678,-43.2500289,23,Premium Auto Onibus Ltda,NA,1
-22.8705751,-43.2500477,23,Premium Auto Onibus Ltda,NA,1
-22.8705751,-43.2500477,23,Premium Auto Onibus Ltda,NA,1
-22.8672783,-43.354776,24,Viacao Vila Real S/A,G1,1
-22.8666803,-43.3548404,24,Viacao Vila Real S/A,G1,1
-22.8657653239709,-43.356535282856,24,Viacao Vila Real S/A,G1,1
-22.8661375400908,-43.3565909886699,24,Viacao Vila Real S/A,G1,1
-22.8664502522732,-43.3566264378242,24,Viacao Vila Real S/A,G1,1
-22.8672783,-43.354776,24,Viacao Vila Real S/A,G1,1
-22.8672783,-43.354776,24,Viacao Vila Real S/A,G1,1
-22.8659444666667,-43.3566809666667,25,NA,NA,NA
-22.8657456,-43.3566407,25,NA,NA,NA
-22.8657456,-43.3566407,25,NA,NA,NA
-22.8657456,-43.3566407,25,NA,NA,NA
-22.865706,-43.3566581,25,NA,NA,NA
-22.8655372,-43.3570867,25,NA,NA,NA
-22.8656323,-43.3571471,25,NA,NA,NA
-22.8657522,-43.3571712,25,NA,NA,NA
-22.8660489,-43.3571912,25,NA,NA,NA
-22.8660489,-43.3571912,25,NA,NA,NA
-22.8660489,-43.3571912,25,NA,NA,NA
-22.8662300332235,-43.3571805333398,25,NA,NA,NA
-22.8663206,-43.3571752,25,NA,NA,NA
-22.8663604499132,-43.3570682502328,25,NA,NA,NA
-22.86648,-43.3567474,25,NA,NA,NA
-22.8660439,-43.3567011,25,NA,NA,NA
-22.8659444666667,-43.3566809666667,25,NA,NA,NA
-22.8677426676704,-43.2574893105588,26,Viacao Penha Rio Ltda.,NA,1
-22.8687040249528,-43.2573998048808,26,Viacao Penha Rio Ltda.,NA,1
-22.8686708747017,-43.2568495107123,26,Viacao Penha Rio Ltda.,NA,1
-22.8686708747017,-43.2568495107123,26,Viacao Penha Rio Ltda.,NA,1
-22.8683216923973,-43.2568627707998,26,Viacao Penha Rio Ltda.,NA,1
-22.8681471007341,-43.256869400863,26,Viacao Penha Rio Ltda.,NA,1
-22.8679216774432,-43.2568776884839,26,Viacao Penha Rio Ltda.,NA,1
-22.8676962573189,-43.2568859759885,26,Viacao Penha Rio Ltda.,NA,1
-22.8677426676704,-43.2574893105588,26,Viacao Penha Rio Ltda.,NA,1
-22.8677735,-43.289583,27,Empresa de Transportes Braso Lisboa Ltda.,NA,1
-22.867696899984,-43.2898306667184,27,Empresa de Transportes Braso Lisboa Ltda.,NA,1
-22.8676586,-43.2899545,27,Empresa de Transportes Braso Lisboa Ltda.,NA,1
-22.867738,-43.2900118,27,Empresa de Transportes Braso Lisboa Ltda.,NA,1
-22.8676852251619,-43.2901635745343,27,Empresa de Transportes Braso Lisboa Ltda.,NA,1
-22.8675269,-43.2906189,27,Empresa de Transportes Braso Lisboa Ltda.,NA,1
-22.8676286599488,-43.2910634397765,27,Empresa de Transportes Braso Lisboa Ltda.,NA,1
-22.8676965,-43.2913598,27,Empresa de Transportes Braso Lisboa Ltda.,NA,1
-22.868374,-43.2940299,27,Empresa de Transportes Braso Lisboa Ltda.,NA,1
-22.8684339,-43.2940339,27,Empresa de Transportes Braso Lisboa Ltda.,NA,1
-22.8684339,-43.2940339,27,Empresa de Transportes Braso Lisboa Ltda.,NA,1
-22.8685825004344,-43.293467465011,27,Empresa de Transportes Braso Lisboa Ltda.,NA,1
-22.8688797,-43.2923346,27,Empresa de Transportes Braso Lisboa Ltda.,NA,1
-22.8688497,-43.2921936666667,27,Empresa de Transportes Braso Lisboa Ltda.,NA,1
-22.8688347,-43.2921232,27,Empresa de Transportes Braso Lisboa Ltda.,NA,1
-22.8688413821166,-43.2921086880749,27,Empresa de Transportes Braso Lisboa Ltda.,NA,1
-22.8688609,-43.2920663,27,Empresa de Transportes Braso Lisboa Ltda.,NA,1
-22.8688804956179,-43.2920238304099,27,Empresa de Transportes Braso Lisboa Ltda.,NA,1
-22.8688872,-43.2920093,27,Empresa de Transportes Braso Lisboa Ltda.,NA,1
-22.8690033,-43.2919565,27,Empresa de Transportes Braso Lisboa Ltda.,NA,1
-22.8692168,-43.2914808,27,Empresa de Transportes Braso Lisboa Ltda.,NA,1
-22.8692122766447,-43.2914288266471,27,Empresa de Transportes Braso Lisboa Ltda.,NA,1
-22.8692068,-43.2913659,27,Empresa de Transportes Braso Lisboa Ltda.,NA,1
-22.8677735,-43.289583,27,Empresa de Transportes Braso Lisboa Ltda.,NA,1
-22.8677735,-43.289583,27,Empresa de Transportes Braso Lisboa Ltda.,NA,1
-22.8677735,-43.289583,27,Empresa de Transportes Braso Lisboa Ltda.,NA,1
-22.8665525736554,-43.2583114367865,28,Gire Transportes Ltda.,G1,1
-22.8671691683261,-43.2592064935667,28,Gire Transportes Ltda.,G1,1
-22.8680509650058,-43.2587622802017,28,Gire Transportes Ltda.,G1,1
-22.8679360440954,-43.2584639278382,28,Gire Transportes Ltda.,G1,1
-22.8678785837,-43.2583147518116,28,Gire Transportes Ltda.,G1,1
-22.8677062023942,-43.2578771684969,28,Gire Transportes Ltda.,G1,1
-22.8672321538033,-43.2573500795041,28,Gire Transportes Ltda.,G1,1
-22.8672321538033,-43.2573500795042,28,Gire Transportes Ltda.,G1,1
-22.8672321538033,-43.2573500795041,28,Gire Transportes Ltda.,G1,1
-22.8670036253336,-43.2576884203554,28,Gire Transportes Ltda.,G1,1
-22.8669768968697,-43.2577279923669,28,Gire Transportes Ltda.,G1,1
-22.8668244057145,-43.2575622411113,28,Gire Transportes Ltda.,G1,1
-22.8668244057145,-43.2575622411113,28,Gire Transportes Ltda.,G1,1
-22.8666255042078,-43.257761142618,28,Gire Transportes Ltda.,G1,1
-22.8665227384294,-43.257731307392,28,Gire Transportes Ltda.,G1,1
-22.8664199726509,-43.257701472166,28,Gire Transportes Ltda.,G1,1
-22.8664199726509,-43.257701472166,28,Gire Transportes Ltda.,G1,1
-22.8663735622994,-43.2580396047274,28,Gire Transportes Ltda.,G1,1
-22.8665094783375,-43.2582459957483,28,Gire Transportes Ltda.,G1,1
-22.8665525736554,-43.2583114367865,28,Gire Transportes Ltda.,G1,1
-22.8602770352635,-43.3549324746661,29,Auto Viacao Tres Amigos S/A,G1,1
-22.8600440836782,-43.3547147155755,29,Auto Viacao Tres Amigos S/A,G1,1
-22.8598094943,-43.3570708986321,29,Auto Viacao Tres Amigos S/A,G1,1
-22.8602780399737,-43.3569755309286,29,Auto Viacao Tres Amigos S/A,G1,1
-22.8607880498664,-43.3568552846938,29,Auto Viacao Tres Amigos S/A,G1,1
-22.8613146454467,-43.3568055276311,29,Auto Viacao Tres Amigos S/A,G1,1
-22.8613151890674,-43.3565833924226,29,Auto Viacao Tres Amigos S/A,G1,1
-22.8614012798707,-43.3552920303738,29,Auto Viacao Tres Amigos S/A,G1,1
-22.8608285,-43.3550874,29,Auto Viacao Tres Amigos S/A,G1,1
-22.8602770352635,-43.3549324746661,29,Auto Viacao Tres Amigos S/A,G1,1
-22.8578246666145,-43.2453036666796,30,Real Auto Onibus Ltda,NA,1
-22.8578818,-43.2452895,30,Real Auto Onibus Ltda,NA,1
-22.8581166,-43.2452519,30,Real Auto Onibus Ltda,NA,1
-22.85817775,-43.24526265,30,Real Auto Onibus Ltda,NA,1
-22.8582389,-43.2452734,30,Real Auto Onibus Ltda,NA,1
-22.8582093,-43.2454209,30,Real Auto Onibus Ltda,NA,1
-22.8585813,-43.2454303,30,Real Auto Onibus Ltda,NA,1
-22.8589359,-43.2454544,30,Real Auto Onibus Ltda,NA,1
-22.8589359,-43.2454544,30,Real Auto Onibus Ltda,NA,1
-22.8590358,-43.2447357,30,Real Auto Onibus Ltda,NA,1
-22.8590358,-43.2447357,30,Real Auto Onibus Ltda,NA,1
-22.8588761,-43.2447625,30,Real Auto Onibus Ltda,NA,1
-22.8588095998858,-43.2447926333851,30,Real Auto Onibus Ltda,NA,1
-22.8586766,-43.2448529,30,Real Auto Onibus Ltda,NA,1
-22.8585937,-43.2448749,30,Real Auto Onibus Ltda,NA,1
-22.8585201,-43.2448081,30,Real Auto Onibus Ltda,NA,1
-22.8585201,-43.2448081,30,Real Auto Onibus Ltda,NA,1
-22.8583019,-43.2448941,30,Real Auto Onibus Ltda,NA,1
-22.8582539,-43.245174,30,Real Auto Onibus Ltda,NA,1
-22.8582075,-43.2451475,30,Real Auto Onibus Ltda,NA,1
-22.8581265,-43.2451192,30,Real Auto Onibus Ltda,NA,1
-22.8583117,-43.2438997,30,Real Auto Onibus Ltda,NA,1
-22.8583117,-43.2438997,30,Real Auto Onibus Ltda,NA,1
-22.8582364,-43.24392605,30,Real Auto Onibus Ltda,NA,1
-22.8581611,-43.2439524,30,Real Auto Onibus Ltda,NA,1
-22.857984,-43.2440305,30,Real Auto Onibus Ltda,NA,1
-22.857542,-43.2442287,30,Real Auto Onibus Ltda,NA,1
-22.8571991,-43.2443856,30,Real Auto Onibus Ltda,NA,1
-22.8571786,-43.2444204,30,Real Auto Onibus Ltda,NA,1
-22.857296,-43.2450897,30,Real Auto Onibus Ltda,NA,1
-22.8573832,-43.24539,30,Real Auto Onibus Ltda,NA,1
-22.8573832,-43.24539,30,Real Auto Onibus Ltda,NA,1
-22.8574922666666,-43.2453706666667,30,Real Auto Onibus Ltda,NA,1
-22.8577104,-43.245332,30,Real Auto Onibus Ltda,NA,1
-22.8578246666145,-43.2453036666796,30,Real Auto Onibus Ltda,NA,1
-22.8569178,-43.3718048,31,Tel - Transportes Estrela S/A,NA,1
-22.8572854999702,-43.3717489157102,31,Tel - Transportes Estrela S/A,NA,1
-22.8573514,-43.3717389,31,Tel - Transportes Estrela S/A,NA,1
-22.8586033287649,-43.3715809167658,31,Tel - Transportes Estrela S/A,NA,1
-22.8588210878555,-43.3715353392817,31,Tel - Transportes Estrela S/A,NA,1
-22.8589780769673,-43.371469505138,31,Tel - Transportes Estrela S/A,NA,1
-22.8591148094196,-43.3713884784997,31,Tel - Transportes Estrela S/A,NA,1
-22.860274503181,-43.3706643029194,31,Tel - Transportes Estrela S/A,NA,1
-22.8601929181166,-43.3704103965136,31,Tel - Transportes Estrela S/A,NA,1
-22.8601929181166,-43.3704103965136,31,Tel - Transportes Estrela S/A,NA,1
-22.8579335990098,-43.3707754118568,31,Tel - Transportes Estrela S/A,NA,1
-22.8575257855761,-43.370842122079,31,Tel - Transportes Estrela S/A,NA,1
-22.8569140733962,-43.3709421861084,31,Tel - Transportes Estrela S/A,NA,1
-22.8567827614844,-43.3709478961536,31,Tel - Transportes Estrela S/A,NA,1
-22.8568017,-43.3710221,31,Tel - Transportes Estrela S/A,NA,1
-22.8568586,-43.3713578,31,Tel - Transportes Estrela S/A,NA,1
-22.856865,-43.3713953,31,Tel - Transportes Estrela S/A,NA,1
-22.8569178,-43.3718048,31,Tel - Transportes Estrela S/A,NA,1
-22.8494800324635,-43.3236396589884,32,Caprichosa Auto Onibus Ltda.,G2,1
-22.8498922480665,-43.3234225377929,32,Caprichosa Auto Onibus Ltda.,G2,1
-22.849690860291,-43.3230103221899,32,Caprichosa Auto Onibus Ltda.,G2,1
-22.8500779024221,-43.3227806142584,32,Caprichosa Auto Onibus Ltda.,G2,1
-22.8499457416944,-43.3224785325951,32,Caprichosa Auto Onibus Ltda.,G2,1
-22.8497726740748,-43.322113517252,32,Caprichosa Auto Onibus Ltda.,G2,1
-22.8497726740748,-43.322113517252,32,Caprichosa Auto Onibus Ltda.,G2,1
-22.8497128871445,-43.3222079176683,32,Caprichosa Auto Onibus Ltda.,G2,1
-22.8495933130872,-43.3223967188113,32,Caprichosa Auto Onibus Ltda.,G2,1
-22.8491748041162,-43.322082050412,32,Caprichosa Auto Onibus Ltda.,G2,1
-22.8491748041162,-43.322082050412,32,Caprichosa Auto Onibus Ltda.,G2,1
-22.8489766666144,-43.3223623106941,32,Caprichosa Auto Onibus Ltda.,G2,1
-22.8486965081493,-43.3227585874705,32,Caprichosa Auto Onibus Ltda.,G2,1
-22.8486965081493,-43.3227585874705,32,Caprichosa Auto Onibus Ltda.,G2,1
-22.8486965081493,-43.3227585874705,32,Caprichosa Auto Onibus Ltda.,G2,1
-22.8489734163406,-43.3229882954019,32,Caprichosa Auto Onibus Ltda.,G2,1
-22.848816082141,-43.3232274433854,32,Caprichosa Auto Onibus Ltda.,G2,1
-22.8494800324635,-43.3236396589884,32,Caprichosa Auto Onibus Ltda.,G2,1
-22.837255220568,-43.2865699936551,33,Viacao Nossa Senhora de Lourdes S/A,NA,1
-22.8376537106746,-43.2854850289952,33,Viacao Nossa Senhora de Lourdes S/A,NA,1
-22.8376804999254,-43.2852104391739,33,Viacao Nossa Senhora de Lourdes S/A,NA,1
-22.8375328600144,-43.2849370192195,33,Viacao Nossa Senhora de Lourdes S/A,NA,1
-22.8372049907227,-43.2847014434076,33,Viacao Nossa Senhora de Lourdes S/A,NA,1
-22.8358655281797,-43.2859337489471,33,Viacao Nossa Senhora de Lourdes S/A,NA,1
-22.837255220568,-43.2865699936551,33,Viacao Nossa Senhora de Lourdes S/A,NA,1
-22.8176215,-43.3011571,34,Caprichosa Auto Onibus Ltda.,G1,1
-22.8175391,-43.3010577,34,Caprichosa Auto Onibus Ltda.,G1,1
-22.8175391,-43.3010577,34,Caprichosa Auto Onibus Ltda.,G1,1
-22.8174258537387,-43.3009043060897,34,Caprichosa Auto Onibus Ltda.,G1,1
-22.8172172851696,-43.3009583238486,34,Caprichosa Auto Onibus Ltda.,G1,1
-22.8171107501451,-43.3009838322348,34,Caprichosa Auto Onibus Ltda.,G1,1
-22.8169129,-43.3010443,34,Caprichosa Auto Onibus Ltda.,G1,1
-22.8169129,-43.3010443,34,Caprichosa Auto Onibus Ltda.,G1,1
-22.8168212498618,-43.3010539500145,34,Caprichosa Auto Onibus Ltda.,G1,1
-22.8167296,-43.3010636,34,Caprichosa Auto Onibus Ltda.,G1,1
-22.8166244521556,-43.3010684073671,34,Caprichosa Auto Onibus Ltda.,G1,1
-22.8165193043112,-43.3010732147341,34,Caprichosa Auto Onibus Ltda.,G1,1
-22.8162044521902,-43.3016590542211,34,Caprichosa Auto Onibus Ltda.,G1,1
-22.8162674729089,-43.3019861617611,34,Caprichosa Auto Onibus Ltda.,G1,1
-22.816525557757,-43.3031565465374,34,Caprichosa Auto Onibus Ltda.,G1,1
-22.8172097827031,-43.3026553817742,34,Caprichosa Auto Onibus Ltda.,G1,1
-22.8176885596382,-43.3021325983456,34,Caprichosa Auto Onibus Ltda.,G1,1
-22.8180470579661,-43.3017685902322,34,Caprichosa Auto Onibus Ltda.,G1,1
-22.8176215,-43.3011571,34,Caprichosa Auto Onibus Ltda.,G1,1
-22.8157921580852,-43.1875597363826,35,Empresa Viacao Ideal S/A,NA,1
-22.8157633071591,-43.1875187794103,35,Empresa Viacao Ideal S/A,NA,1
-22.8152388847498,-43.1879936855406,35,Empresa Viacao Ideal S/A,NA,1
-22.8147707308393,-43.1884100724322,35,Empresa Viacao Ideal S/A,NA,1
-22.8143454,-43.1888129,35,Empresa Viacao Ideal S/A,NA,1
-22.8140752521934,-43.1891235569977,35,Empresa Viacao Ideal S/A,NA,1
-22.8140684999735,-43.1891708225368,35,Empresa Viacao Ideal S/A,NA,1
-22.8140887566331,-43.1892428462153,35,Empresa Viacao Ideal S/A,NA,1
-22.8141967921509,-43.1892428462153,35,Empresa Viacao Ideal S/A,NA,1
-22.8158215271358,-43.1886547824121,35,Empresa Viacao Ideal S/A,NA,1
-22.8159222210236,-43.1885771642069,35,Empresa Viacao Ideal S/A,NA,1
-22.8159811013647,-43.1885019282156,35,Empresa Viacao Ideal S/A,NA,1
-22.8159977414394,-43.1884806658978,35,Empresa Viacao Ideal S/A,NA,1
-22.8160106142765,-43.1884620717997,35,Empresa Viacao Ideal S/A,NA,1
-22.8161110220632,-43.1883170383302,35,Empresa Viacao Ideal S/A,NA,1
-22.8162096181616,-43.1881722908665,35,Empresa Viacao Ideal S/A,NA,1
-22.8162809429988,-43.1880694991894,35,Empresa Viacao Ideal S/A,NA,1
-22.8163585612039,-43.1879121649898,35,Empresa Viacao Ideal S/A,NA,1
-22.8157921580852,-43.1875597363826,35,Empresa Viacao Ideal S/A,NA,1
-22.8157921580852,-43.1875597363826,35,Empresa Viacao Ideal S/A,NA,1
-22.8146724,-43.1882738,36,Transportes Paranapuan S/A,NA,1
-22.8147407739793,-43.1882466066217,36,Transportes Paranapuan S/A,NA,1
-22.814877521938,-43.1881922198652,36,Transportes Paranapuan S/A,NA,1
-22.8149887047978,-43.1880789392155,36,Transportes Paranapuan S/A,NA,1
-22.8150442961897,-43.1880222989295,36,Transportes Paranapuan S/A,NA,1
-22.8152897375411,-43.18783349789,36,Transportes Paranapuan S/A,NA,1
-22.815749153404,-43.1874275756549,36,Transportes Paranapuan S/A,NA,1
-22.8160423989135,-43.1871181476984,36,Transportes Paranapuan S/A,NA,1
-22.8158707201559,-43.1868935535759,36,Transportes Paranapuan S/A,NA,1
-22.815385,-43.1862138,36,Transportes Paranapuan S/A,NA,1
-22.815385,-43.1862138,36,Transportes Paranapuan S/A,NA,1
-22.815385,-43.1862138,36,Transportes Paranapuan S/A,NA,1
-22.8150216,-43.1865612,36,Transportes Paranapuan S/A,NA,1
-22.8148131010135,-43.1867314991721,36,Transportes Paranapuan S/A,NA,1
-22.8143961,-43.1870721,36,Transportes Paranapuan S/A,NA,1
-22.81425825,-43.18719015,36,Transportes Paranapuan S/A,NA,1
-22.8141204,-43.1873082,36,Transportes Paranapuan S/A,NA,1
-22.8140429333473,-43.1874521333075,36,Transportes Paranapuan S/A,NA,1
-22.8140042,-43.1875241,36,Transportes Paranapuan S/A,NA,1
-22.8140247333297,-43.1875475666625,36,Transportes Paranapuan S/A,NA,1
-22.8140812,-43.1876121,36,Transportes Paranapuan S/A,NA,1
-22.8144036915388,-43.1879803579068,36,Transportes Paranapuan S/A,NA,1
-22.8145209,-43.1881142,36,Transportes Paranapuan S/A,NA,1
-22.814552949954,-43.1881479340239,36,Transportes Paranapuan S/A,NA,1
-22.8145818,-43.1881783,36,Transportes Paranapuan S/A,NA,1
-22.8146246500393,-43.1882234675359,36,Transportes Paranapuan S/A,NA,1
-22.8146724,-43.1882738,36,Transportes Paranapuan S/A,NA,1
-22.8146724,-43.1882738,36,Transportes Paranapuan S/A,NA,1
-22.8106156148013,-43.373031148174,37,Viacao Vila Real S/A,G2,1
-22.8110931051146,-43.3732342149344,37,Viacao Vila Real S/A,G2,1
-22.812239481998,-43.3729414520188,37,Viacao Vila Real S/A,G2,1
-22.8121534537153,-43.3727020399763,37,Viacao Vila Real S/A,G2,1
-22.8120203328727,-43.3725060880528,37,Viacao Vila Real S/A,G2,1
-22.8119039055649,-43.3723676339571,37,Viacao Vila Real S/A,G2,1
-22.8116930777374,-43.3721819796016,37,Viacao Vila Real S/A,G2,1
-22.811295171546,-43.3718697663576,37,Viacao Vila Real S/A,G2,1
-22.810967730563,-43.3723775999799,37,Viacao Vila Real S/A,G2,1
-22.8108023428567,-43.372673697325,37,Viacao Vila Real S/A,G2,1
-22.8106156148013,-43.373031148174,37,Viacao Vila Real S/A,G2,1
-22.814446207482,-43.3866222830687,38,Viação Top Rio Ltda.,NA,0
-22.814819663593,-43.3876252794809,38,Viação Top Rio Ltda.,NA,0
-22.8158760108782,-43.3872891689811,38,Viação Top Rio Ltda.,NA,0
-22.81586267316,-43.3870891032073,38,Viação Top Rio Ltda.,NA,0
-22.8158466678981,-43.3868997076082,38,Viação Top Rio Ltda.,NA,0
-22.815854670529,-43.3867663304257,38,Viação Top Rio Ltda.,NA,0
-22.8158600056163,-43.3866462909615,38,Viação Top Rio Ltda.,NA,0
-22.8158813459655,-43.386512913779,38,Viação Top Rio Ltda.,NA,0
-22.815885347281,-43.3864682324229,38,Viação Top Rio Ltda.,NA,0
-22.8158946836838,-43.3864135477781,38,Viação Top Rio Ltda.,NA,0
-22.815856,-43.3863992,38,Viação Top Rio Ltda.,NA,0
-22.815856,-43.3863992,38,Viação Top Rio Ltda.,NA,0
-22.8155233,-43.386439,38,Viação Top Rio Ltda.,NA,0
-22.8154753,-43.3864447,38,Viação Top Rio Ltda.,NA,0
-22.814446207482,-43.3866222830687,38,Viação Top Rio Ltda.,NA,0
-22.8086761,-43.3439559,39,Viacao Rubanil Ltda.,NA,1
-22.8086761,-43.3439559,39,Viacao Rubanil Ltda.,NA,1
-22.8100831,-43.3434533,39,Viacao Rubanil Ltda.,NA,1
-22.8103748,-43.3433471,39,Viacao Rubanil Ltda.,NA,1
-22.8104626587564,-43.3433129583587,39,Viacao Rubanil Ltda.,NA,1
-22.8110027,-43.3431031,39,Viacao Rubanil Ltda.,NA,1
-22.8112533887013,-43.3430115388537,39,Viacao Rubanil Ltda.,NA,1
-22.8112921,-43.3429974,39,Viacao Rubanil Ltda.,NA,1
-22.8116209,-43.342939,39,Viacao Rubanil Ltda.,NA,1
-22.8115416,-43.3425808,39,Viacao Rubanil Ltda.,NA,1
-22.8115136,-43.342233,39,Viacao Rubanil Ltda.,NA,1
-22.81151,-43.3419985999854,39,Viacao Rubanil Ltda.,NA,1
-22.8115064,-43.3417642,39,Viacao Rubanil Ltda.,NA,1
-22.8115064,-43.3417642,39,Viacao Rubanil Ltda.,NA,1
-22.8114688,-43.3417645,39,Viacao Rubanil Ltda.,NA,1
-22.8108371,-43.3419684,39,Viacao Rubanil Ltda.,NA,1
-22.8093165,-43.3425383,39,Viacao Rubanil Ltda.,NA,1
-22.8089009040107,-43.3426940907957,39,Viacao Rubanil Ltda.,NA,1
-22.8087763,-43.3427408,39,Viacao Rubanil Ltda.,NA,1
-22.8086761,-43.3439559,39,Viacao Rubanil Ltda.,NA,1
-22.8037260164403,-43.3116556740479,40,VIAÇÃO VG EIRELI,NA,1
-22.8044277,-43.3113263,40,VIAÇÃO VG EIRELI,NA,1
-22.8043859999834,-43.3111964999483,40,VIAÇÃO VG EIRELI,NA,1
-22.8044916014678,-43.3110007920819,40,VIAÇÃO VG EIRELI,NA,1
-22.8045502874281,-43.3105313043996,40,VIAÇÃO VG EIRELI,NA,1
-22.8054225742015,-43.3100911596974,40,VIAÇÃO VG EIRELI,NA,1
-22.8049477514319,-43.3089174404916,40,VIAÇÃO VG EIRELI,NA,1
-22.804318,-43.3092256,40,VIAÇÃO VG EIRELI,NA,1
-22.8033072120874,-43.3095002987791,40,VIAÇÃO VG EIRELI,NA,1
-22.8034886050555,-43.310391258358,40,VIAÇÃO VG EIRELI,NA,1
-22.8037260164403,-43.3116556740479,40,VIAÇÃO VG EIRELI,NA,1
-22.8038223546703,-43.3068225303722,41,NA,NA,NA
-22.8039821006307,-43.3073836028931,41,NA,NA,NA
-22.8045186382341,-43.3070749900034,41,NA,NA,NA
-22.8054785926182,-43.3066446933022,41,NA,NA,NA
-22.8052570600777,-43.3060911268084,41,NA,NA,NA
-22.8051424821183,-43.3058017495089,41,NA,NA,NA
-22.8049877645866,-43.3057910793343,41,NA,NA,NA
-22.804718342678,-43.3057670714414,41,NA,NA,NA
-22.8045182769043,-43.3057430635486,41,NA,NA,NA
-22.8041208129005,-43.3057110530248,41,NA,NA,NA
-22.8040541243093,-43.3057083854812,41,NA,NA,NA
-22.803942087476,-43.3056923802193,41,NA,NA,NA
-22.8036726655674,-43.3057057179375,41,NA,NA,NA
-22.8034741216417,-43.3057652445506,41,NA,NA,NA
-22.8038223546703,-43.3068225303722,41,NA,NA,NA
-22.8168336590484,-43.3935232184902,42,Viacao Pavunense S/A,G1,1
-22.8154038556522,-43.3947129429579,42,Viacao Pavunense S/A,G1,1
-22.815702620541,-43.3953904990449,42,Viacao Pavunense S/A,G1,1
-22.8174908429939,-43.3940813268485,42,Viacao Pavunense S/A,G1,1
-22.8174908429939,-43.3940813268485,42,Viacao Pavunense S/A,G1,1
-22.8181705267363,-43.3935526839377,42,Viacao Pavunense S/A,G1,1
-22.818466195762,-43.3932537965816,42,Viacao Pavunense S/A,G1,1
-22.81842084752,-43.3930910764189,42,Viacao Pavunense S/A,G1,1
-22.8182314519208,-43.3926375939985,42,Viacao Pavunense S/A,G1,1
-22.8181194150876,-43.3922588028003,42,Viacao Pavunense S/A,G1,1
-22.8177284522115,-43.3925381038468,42,Viacao Pavunense S/A,G1,1
-22.8177284176354,-43.3925378783502,42,Viacao Pavunense S/A,G1,1
-22.8177284176354,-43.3925378783502,42,Viacao Pavunense S/A,G1,1
-22.8177284176354,-43.3925378783502,42,Viacao Pavunense S/A,G1,1
-22.8172092147766,-43.3929485206112,42,Viacao Pavunense S/A,G1,1
-22.817036147157,-43.3930854013649,42,Viacao Pavunense S/A,G1,1
-22.8168336590484,-43.3935232184902,42,Viacao Pavunense S/A,G1,1
-22.8144529,-43.3864984,43,AUTO DIESEL,NA,0
-22.8155259,-43.3863375,43,AUTO DIESEL,NA,0
-22.8158397913155,-43.3863081172625,43,AUTO DIESEL,NA,0
-22.8159306955231,-43.3862995102871,43,AUTO DIESEL,NA,0
-22.8161552,-43.3856307,43,AUTO DIESEL,NA,0
-22.8161552,-43.3856307,43,AUTO DIESEL,NA,0
-22.8148535,-43.3856776,43,AUTO DIESEL,NA,0
-22.814558,-43.3856803,43,AUTO DIESEL,NA,0
-22.8142434741647,-43.3856646348985,43,AUTO DIESEL,NA,0
-22.8143208329305,-43.3861207848625,43,AUTO DIESEL,NA,0
-22.8144529,-43.3864984,43,AUTO DIESEL,NA,0
-22.8144529,-43.3864984,43,AUTO DIESEL,NA,0
-22.8777813212307,-43.3688307587162,44,Viacao Novacap S/A,G2,1
-22.8778041099728,-43.3680863264763,44,Viacao Novacap S/A,G2,1
-22.8771812176904,-43.3680236574357,44,Viacao Novacap S/A,G2,1
-22.8771717223812,-43.3684319557305,44,Viacao Novacap S/A,G2,1
-22.8772002083088,-43.3687139664132,44,Viacao Novacap S/A,G2,1
-22.8772448362619,-43.3688924782259,44,Viacao Novacap S/A,G2,1
-22.8772970604625,-43.3689940780341,44,Viacao Novacap S/A,G2,1
-22.8773673257504,-43.3691403057955,44,Viacao Novacap S/A,G2,1
-22.8774698750896,-43.3692941298043,44,Viacao Novacap S/A,G2,1
-22.8775268469447,-43.3693302119792,44,Viacao Novacap S/A,G2,1
-22.877754734365,-43.3693454044738,44,Viacao Novacap S/A,G2,1
-22.877754734365,-43.3690662423839,44,Viacao Novacap S/A,G2,1
-22.8777813212307,-43.3688307587162,44,Viacao Novacap S/A,G2,1
-22.8761367336804,-43.3306026439486,45,Viacao Acari S/A,G1,1
-22.8764488,-43.3306037,45,Viacao Acari S/A,G1,1
-22.8771935615924,-43.3305770066138,45,Viacao Acari S/A,G1,1
-22.8773758715287,-43.3305228833515,45,Viacao Acari S/A,G1,1
-22.8773473856011,-43.3292922912815,45,Viacao Acari S/A,G1,1
-22.8771091,-43.3292895,45,Viacao Acari S/A,G1,1
-22.8768346333333,-43.3292994333333,45,Viacao Acari S/A,G1,1
-22.8766974,-43.3293044,45,Viacao Acari S/A,G1,1
-22.8764832688064,-43.3293121665891,45,Viacao Acari S/A,G1,1
-22.876055,-43.3293277,45,Viacao Acari S/A,G1,1
-22.8760427301195,-43.3295543618149,45,Viacao Acari S/A,G1,1
-22.8760726,-43.329685,45,Viacao Acari S/A,G1,1
-22.8761367336804,-43.3306026439486,45,Viacao Acari S/A,G1,1
-22.8761326,-43.367774,46,Viacao Novacap S/A,G1,1
-22.8760726,-43.3683228,46,Viacao Novacap S/A,G1,1
-22.8760132,-43.3690161,46,Viacao Novacap S/A,G1,1
-22.8763093,-43.3690505,46,Viacao Novacap S/A,G1,1
-22.8769197,-43.3690904,46,Viacao Novacap S/A,G1,1
-22.8770064,-43.3678271,46,Viacao Novacap S/A,G1,1
-22.8767151333333,-43.3678094,46,Viacao Novacap S/A,G1,1
-22.8761326,-43.367774,46,Viacao Novacap S/A,G1,1
-22.8761326,-43.367774,46,Viacao Novacap S/A,G1,1
-22.8755948243686,-43.2401015265467,47,Real Auto Onibus Ltda,NA,1
-22.8755303627337,-43.240151756392,47,Real Auto Onibus Ltda,NA,1
-22.8746453465973,-43.240808857843,47,Real Auto Onibus Ltda,NA,1
-22.8737603705986,-43.2414659294928,47,Real Auto Onibus Ltda,NA,1
-22.8734387095682,-43.2417064760024,47,Real Auto Onibus Ltda,NA,1
-22.8734387095682,-43.2417064760024,47,Real Auto Onibus Ltda,NA,1
-22.8737204139725,-43.2420964885716,47,Real Auto Onibus Ltda,NA,1
-22.8741155554227,-43.2427193386541,47,Real Auto Onibus Ltda,NA,1
-22.8742528503333,-43.2428298443139,47,Real Auto Onibus Ltda,NA,1
-22.8743734019622,-43.2428901201284,47,Real Auto Onibus Ltda,NA,1
-22.8745039995602,-43.2429068634101,47,Real Auto Onibus Ltda,NA,1
-22.8746647350653,-43.2428599822211,47,Real Auto Onibus Ltda,NA,1
-22.8749259302612,-43.2426925494033,47,Real Auto Onibus Ltda,NA,1
-22.8750152276367,-43.2426199952857,47,Real Auto Onibus Ltda,NA,1
-22.8751938227698,-43.24247488674,47,Real Auto Onibus Ltda,NA,1
-22.8752016747909,-43.2424711916713,47,Real Auto Onibus Ltda,NA,1
-22.8752222863488,-43.2424614921146,47,Real Auto Onibus Ltda,NA,1
-22.8761029829708,-43.2417783662177,47,Real Auto Onibus Ltda,NA,1
-22.8761900480361,-43.2416578145888,47,Real Auto Onibus Ltda,NA,1
-22.8762017683334,-43.2415992131026,47,Real Auto Onibus Ltda,NA,1
-22.8762134886306,-43.2415406116163,47,Real Auto Onibus Ltda,NA,1
-22.8762402778815,-43.2413932707366,47,Real Auto Onibus Ltda,NA,1
-22.8762201859434,-43.2412124432933,47,Real Auto Onibus Ltda,NA,1
-22.8761833507234,-43.2411270525562,47,Real Auto Onibus Ltda,NA,1
-22.8761465155035,-43.241041661819,47,Real Auto Onibus Ltda,NA,1
-22.87587066775,-43.2405715904576,47,Real Auto Onibus Ltda,NA,1
-22.8755948243686,-43.2401015265467,47,Real Auto Onibus Ltda,NA,1
-22.8755948243686,-43.2401015265467,47,Real Auto Onibus Ltda,NA,1
-22.8760962590155,-43.4206503531407,48,Transportes Barra Ltda.,G2,1
-22.8763189932535,-43.4209651291949,48,Transportes Barra Ltda.,G2,1
-22.8771074005988,-43.4199081891222,48,Transportes Barra Ltda.,G2,1
-22.8757558451497,-43.4184214781282,48,Transportes Barra Ltda.,G2,1
-22.8749728928301,-43.419259518816,48,Transportes Barra Ltda.,G2,1
-22.8760962590155,-43.4206503531407,48,Transportes Barra Ltda.,G2,1
-22.8966120501744,-43.5616610724657,49,Expresso Recreio,NA,0
-22.8968694784382,-43.5615188094778,49,Expresso Recreio,NA,0
-22.8972330394073,-43.5613629976339,49,Expresso Recreio,NA,0
-22.8970185158541,-43.560789429397,49,Expresso Recreio,NA,0
-22.8968649621529,-43.5603468334346,49,Expresso Recreio,NA,0
-22.8965172081825,-43.5605003871358,49,Expresso Recreio,NA,0
-22.8964404313318,-43.5602926380106,49,Expresso Recreio,NA,0
-22.8962123589227,-43.559743909343,49,Expresso Recreio,NA,0
-22.8959865446561,-43.5594300275125,49,Expresso Recreio,NA,0
-22.8957419713538,-43.5588627607824,49,Expresso Recreio,NA,0
-22.8955349161231,-43.5590325944035,49,Expresso Recreio,NA,0
-22.8954265252752,-43.5591635666781,49,Expresso Recreio,NA,0
-22.89515103187,-43.5595519672165,49,Expresso Recreio,NA,0
-22.8948981198915,-43.5598997211869,49,Expresso Recreio,NA,0
-22.8948800547502,-43.5599381096122,49,Expresso Recreio,NA,0
-22.8952458738619,-43.5605026452785,49,Expresso Recreio,NA,0
-22.8948394081822,-43.5607939456823,49,Expresso Recreio,NA,0
-22.8950200595954,-43.5610265343768,49,Expresso Recreio,NA,0
-22.8951419992993,-43.5611349252247,49,Expresso Recreio,NA,0
-22.8953720719677,-43.5613018836572,49,Expresso Recreio,NA,0
-22.8955917985261,-43.5614884141169,49,Expresso Recreio,NA,0
-22.8957403905872,-43.561684429176204,49,Expresso Recreio,NA,0
-22.895914274914,-43.5620116478638,49,Expresso Recreio,NA,0
-22.8966120501744,-43.5616610724657,49,Expresso Recreio,NA,0
-22.8549243650409,-43.2521959629255,50,Viacao Normandy do Triangulo Ltda.,NA,1
-22.8549405886669,-43.25209862117,50,Viacao Normandy do Triangulo Ltda.,NA,1
-22.8548973256644,-43.2519742400379,50,Viacao Normandy do Triangulo Ltda.,NA,1
-22.85477564847,-43.2516930305219,50,Viacao Normandy do Triangulo Ltda.,NA,1
-22.8546728988391,-43.251387485567,50,Viacao Normandy do Triangulo Ltda.,NA,1
-22.8545593334577,-43.2508926649764,50,Viacao Normandy do Triangulo Ltda.,NA,1
-22.8544538798892,-43.2508466980362,50,Viacao Normandy do Triangulo Ltda.,NA,1
-22.8543808735725,-43.2509007767893,50,Viacao Normandy do Triangulo Ltda.,NA,1
-22.8541185916201,-43.2513739658787,50,Viacao Normandy do Triangulo Ltda.,NA,1
-22.8538481978547,-43.2518065959034,50,Viacao Normandy do Triangulo Ltda.,NA,1
-22.8537481521615,-43.2519877597262,50,Viacao Normandy do Triangulo Ltda.,NA,1
-22.8537062411279,-43.2520702298246,50,Viacao Normandy do Triangulo Ltda.,NA,1
-22.8537021852214,-43.2521243085777,50,Viacao Normandy do Triangulo Ltda.,NA,1
-22.8537265206603,-43.2521675715802,50,Viacao Normandy do Triangulo Ltda.,NA,1
-22.8539090364519,-43.252239225928,50,Viacao Normandy do Triangulo Ltda.,NA,1
-22.8541605026537,-43.2523135842135,50,Viacao Normandy do Triangulo Ltda.,NA,1
-22.8546242279614,-43.2523609031224,50,Viacao Normandy do Triangulo Ltda.,NA,1
-22.8547688886258,-43.2523527913094,50,Viacao Normandy do Triangulo Ltda.,NA,1
-22.8548702862879,-43.2523027684629,50,Viacao Normandy do Triangulo Ltda.,NA,1
-22.8549243650409,-43.2521959629255,50,Viacao Normandy do Triangulo Ltda.,NA,1
-22.9039392956334,-43.2157124159604,51,Viacao Redentor Ltda.,G2,1
-22.9043332129648,-43.216730920363,51,Viacao Redentor Ltda.,G2,1
-22.9047388819958,-43.2165158009203,51,Viacao Redentor Ltda.,G2,1
-22.904820113315,-43.2164887238139,51,Viacao Redentor Ltda.,G2,1
-22.904868250393,-43.2165263309061,51,Viacao Redentor Ltda.,G2,1
-22.9050987189938,-43.2172304755307,51,Viacao Redentor Ltda.,G2,1
-22.9056158165115,-43.217002952623,51,Viacao Redentor Ltda.,G2,1
-22.9055199184264,-43.2166118388641,51,Viacao Redentor Ltda.,G2,1
-22.9054461394815,-43.2162677757328,51,Viacao Redentor Ltda.,G2,1
-22.9054364690863,-43.2160808147602,51,Viacao Redentor Ltda.,G2,1
-22.9054784958513,-43.215436764975,51,Viacao Redentor Ltda.,G2,1
-22.9055064325484,-43.2152046754917,51,Viacao Redentor Ltda.,G2,1
-22.905596627136,-43.2144834715321,51,Viacao Redentor Ltda.,G2,1
-22.9056316039703,-43.214177074464,51,Viacao Redentor Ltda.,G2,1
-22.9055546549349,-43.2141966614911,51,Viacao Redentor Ltda.,G2,1
-22.9054772714216,-43.2142538400759,51,Viacao Redentor Ltda.,G2,1
-22.9041943350499,-43.2151019153572,51,Viacao Redentor Ltda.,G2,1
-22.9037942419652,-43.2153633307591,51,Viacao Redentor Ltda.,G2,1
-22.9039392956334,-43.2157124159604,51,Viacao Redentor Ltda.,G2,1
-22.8428979331383,-43.254850994501,52,NA,NA,NA
-22.8430553010526,-43.2545286287128,52,NA,NA,NA
-22.8432341717542,-43.2541369548549,52,NA,NA,NA
-22.8430340681034,-43.2540296265331,52,NA,NA,NA
-22.8421765353244,-43.253561913052,52,NA,NA,NA
-22.8414719366672,-43.2531744862136,52,NA,NA,NA
-22.8414270302895,-43.2531239665387,52,NA,NA,NA
-22.8414522901269,-43.253093093404,52,NA,NA,NA
-22.8413203776423,-43.2529106612443,52,NA,NA,NA
-22.840955513323,-43.2532530723747,52,NA,NA,NA
-22.8405780971011,-43.2535922731244,52,NA,NA,NA
-22.8407979587266,-43.25387895544,52,NA,NA,NA
-22.8407656261346,-43.2539091325259,52,NA,NA,NA
-22.8428979331383,-43.254850994501,52,NA,NA,NA
-22.843270342528,-43.2485862807875,53,NA,NA,NA
-22.8433024934919,-43.2487180997395,53,NA,NA,NA
-22.843707595637,-43.2488756394626,53,NA,NA,NA
-22.8438522749746,-43.2489978131254,53,NA,NA,NA
-22.8440258901796,-43.2491553528485,53,NA,NA,NA
-22.8441962902883,-43.2492614510294,53,NA,NA,NA
-22.8442991733728,-43.2492710963185,53,NA,NA,NA
-22.8444052715536,-43.249184288716,53,NA,NA,NA
-22.8444920791561,-43.2490878358243,53,NA,NA,NA
-22.8447074906143,-43.2484737524138,53,NA,NA,NA
-22.8447428566746,-43.2483322881727,53,NA,NA,NA
-22.8447332113854,-43.2482776315341,53,NA,NA,NA
-22.8446978453251,-43.248235835281,53,NA,NA,NA
-22.8446528339756,-43.2482326201846,53,NA,NA,NA
-22.8445724565659,-43.2482454805702,53,NA,NA,NA
-22.8442863129872,-43.2482647711485,53,NA,NA,NA
-22.8440419656616,-43.2482744164377,53,NA,NA,NA
-22.8438587051673,-43.2482454805702,53,NA,NA,NA
-22.8435950672634,-43.248219759799,53,NA,NA,NA
-22.8435211200464,-43.2482004692207,53,NA,NA,NA
-22.8434568181186,-43.2482519107629,53,NA,NA,NA
-22.843270342528,-43.2485862807875,53,NA,NA,NA
-22.9659136956907,-43.3917344064084,54,BRT Rio,G2,1
-22.9655739120176,-43.3909320256863,54,BRT Rio,G2,1
-22.9646405303614,-43.3913987165144,54,BRT Rio,G2,1
-22.9644685916352,-43.3914437480856,54,BRT Rio,G2,1
-22.9643744347138,-43.3914805920983,54,BRT Rio,G2,1
-22.9642188711044,-43.3915624676822,54,BRT Rio,G2,1
-22.9643334969218,-43.3923443795083,54,BRT Rio,G2,1
-22.9649107197882,-43.3922092847949,54,BRT Rio,G2,1
-22.9650990336311,-43.3921683470029,54,BRT Rio,G2,1
-22.9659136956907,-43.3917344064084,54,BRT Rio,G2,1
-22.83053,-43.32301,55,Viacao Madureira Candelaria Ltda.,NA,1
-22.83053,-43.32442,55,Viacao Madureira Candelaria Ltda.,NA,1
-22.8318,-43.32442,55,Viacao Madureira Candelaria Ltda.,NA,1
-22.8318,-43.32301,55,Viacao Madureira Candelaria Ltda.,NA,1
-22.83053,-43.32301,55,Viacao Madureira Candelaria Ltda.,NA,1
-22.9149,-43.25044,56,Transporte Estrela Azul S/A,G1,1
-22.9149,-43.25119,56,Transporte Estrela Azul S/A,G1,1
-22.91587,-43.25119,56,Transporte Estrela Azul S/A,G1,1
-22.91587,-43.25044,56,Transporte Estrela Azul S/A,G1,1
-22.9149,-43.25044,56,Transporte Estrela Azul S/A,G1,1
-22.79134,-43.29364,57,Gire Transportes Ltda.,G2,1
-22.79134,-43.2963,57,Gire Transportes Ltda.,G2,1
-22.79614,-43.2963,57,Gire Transportes Ltda.,G2,1
-22.79614,-43.29364,57,Gire Transportes Ltda.,G2,1
-22.79134,-43.29364,57,Gire Transportes Ltda.,G2,1
-22.79403,-43.41771,58,Grupo Ponte Coberta,NA,NA
-22.79403,-43.41958,58,Grupo Ponte Coberta,NA,NA
-22.79597,-43.41958,58,Grupo Ponte Coberta,NA,NA
-22.79597,-43.41771,58,Grupo Ponte Coberta,NA,NA
-22.79403,-43.41771,58,Grupo Ponte Coberta,NA,NA
-22.81383,-43.38217,59,Viacao Pavunense S/A,G4,1
-22.81383,-43.38283,59,Viacao Pavunense S/A,G4,1
-22.81452,-43.38283,59,Viacao Pavunense S/A,G4,1
-22.81452,-43.38217,59,Viacao Pavunense S/A,G4,1
-22.81383,-43.38217,59,Viacao Pavunense S/A,G4,1
